1,0.5837913435260024 4,0.9106087503727809 5,1.0418301952282343 3,1.1582083030567718 2,1.3242977477853393 6,1.7055873296134123 10,1.9435909320332427 13,2.025412172955373 11,2.2293035221658695 9,2.3115421074010913
0,0.5837913435260024 3,0.6177487562694475 2,0.7434152113876773 5,0.9625733393971406 4,1.3826880013058453 9,1.8959301441205765 8,1.9130245106370576 13,2.1479721650571793 7,2.1596371199858555 6,2.1857233826332862
3,0.30050284354357143 1,0.7434152113876773 5,1.2332884182579356 0,1.3242977477853393 8,1.3853916031967641 9,1.442562909694279 7,1.548144633084698 14,1.9841825376303384 4,2.0327336902611424 15,2.13653406745832
2,0.30050284354357143 1,0.6177487562694475 5,0.9333031010538148 0,1.1582083030567718 8,1.3185908940572981 9,1.3303463137119087 7,1.5456323864118622 14,1.7786684639442258 4,1.7811402174435635 15,1.9071108456578538
6,0.8050823455311513 0,0.9106087503727809 10,1.0652567870946545 5,1.104133444748267 11,1.349338503538818 1,1.3826880013058453 13,1.4526178343825427 3,1.7811402174435635 12,1.8446681205837159 18,2.0151496975329333
3,0.9333031010538148 1,0.9625733393971406 0,1.0418301952282343 4,1.104133444748267 13,1.2145283026695424 2,1.2332884182579356 15,1.4412291263340813 14,1.445839908271249 9,1.4551333484630762 8,1.579472151540291
10,0.5906268150680948 11,0.7879786179196485 4,0.8050823455311513 12,1.0745610518628075 18,1.423004031205738 13,1.4858569448424408 17,1.4873493511146114 0,1.7055873296134123 5,1.742247301506879 20,1.9310185094355192
8,0.36796797830126576 9,0.5682629605315559 16,0.9729263623830969 19,1.2366495317964608 14,1.285237669850952 21,1.5399183567649497 3,1.5456323864118622 2,1.548144633084698 15,1.5489482167616386 22,1.7321430531910127
9,0.21946035828116406 7,0.36796797830126576 16,0.8535795705192941 14,0.9878845799818502 19,1.053482942245101 15,1.2430711970831636 3,1.3185908940572981 21,1.362120133837789 2,1.3853916031967641 22,1.49811695909318
8,0.21946035828116406 7,0.5682629605315559 16,0.7392818831346097 14,0.7741763578534532 19,0.8912563951528403 15,1.0261180076179404 21,1.1950403456200125 22,1.3032471122977682 3,1.3303463137119087 2,1.442562909694279
11,0.2859098382120872 6,0.5906268150680948 12,0.924873424691608 18,0.9501821207384968 13,0.9928562016453697 4,1.0652567870946545 17,1.1673685193596743 5,1.6350447628585154 20,1.6684818310806606 25,1.6769054676236659
10,0.2859098382120872 18,0.6695625186290066 12,0.7170886931565728 6,0.7879786179196485 17,0.8911310643769182 13,1.0688408080026996 4,1.349338503538818 20,1.3970391873526715 29,1.491750601745469 28,1.5012361551917104
17,0.49371373943918606 11,0.7170886931565728 18,0.7351887542884294 20,0.8619138429089352 10,0.924873424691608 6,1.0745610518628075 26,1.318351915308228 31,1.4823844291895427 29,1.4894611614257753 13,1.7686164287634538
25,0.8645563929761286 10,0.9928562016453697 11,1.0688408080026996 5,1.2145283026695424 23,1.2624652688818743 15,1.2640620379153613 28,1.280019993877392 18,1.3542132554905006 32,1.4144978013551148 33,1.4299338949477454
15,0.2652430279088262 19,0.47279894199045325 22,0.5877584561402289 21,0.6376529139667536 16,0.6493083621065974 23,0.7618607032768234 9,0.7741763578534532 8,0.9878845799818502 7,1.285237669850952 30,1.3479078811497258
14,0.2652430279088262 22,0.4875761344658131 23,0.5316666477497544 19,0.6270143265807134 21,0.6722746384844864 16,0.8676585658778602 9,1.0261180076179404 25,1.1913901397807594 8,1.2430711970831636 13,1.2640620379153613
19,0.30483881025294357 21,0.5790700519838277 14,0.6493083621065974 9,0.7392818831346097 22,0.8295300241127261 8,0.8535795705192941 15,0.8676585658778602 7,0.9729263623830969 30,1.0382264506319279 23,1.190735973924988
18,0.46094536227038263 12,0.49371373943918606 20,0.5090661483233465 11,0.8911310643769182 26,0.9747664726835168 31,0.9892383906607402 29,1.0263034642808833 10,1.1673685193596743 34,1.3351031384418761 36,1.3606461217839603
17,0.46094536227038263 11,0.6695625186290066 12,0.7351887542884294 29,0.8482154152692175 20,0.913979368379673 10,0.9501821207384968 31,0.9848325277480281 28,1.1097457156160482 34,1.1221431934766617 26,1.3405246259642423
16,0.30483881025294357 21,0.3091105189849506 14,0.47279894199045325 22,0.5250214723538232 15,0.6270143265807134 23,0.8891192195865186 9,0.8912563951528403 30,0.9291130832248626 8,1.053482942245101 7,1.2366495317964608
26,0.47132255744458607 17,0.5090661483233465 12,0.8619138429089352 31,0.8997973783650847 18,0.913979368379673 36,1.0073880327949287 29,1.1139953270479943 24,1.1715663102586862 38,1.2285812702737344 41,1.2963313577009767
19,0.3091105189849506 22,0.3268310941404327 16,0.5790700519838277 14,0.6376529139667536 15,0.6722746384844864 30,0.7148480115175224 23,0.7222539688080609 35,1.0158541871072542 9,1.1950403456200125 8,1.362120133837789
21,0.3268310941404327 23,0.39564908240980406 15,0.4875761344658131 19,0.5250214723538232 14,0.5877584561402289 16,0.8295300241127261 35,0.872595046732405 30,0.934805208534769 32,1.2112743731883855 25,1.2229973730123298
22,0.39564908240980406 15,0.5316666477497544 21,0.7222539688080609 14,0.7618607032768234 25,0.8275611245383842 35,0.8287204961572575 32,0.8807384298467191 19,0.8891192195865186 33,1.0728193677818871 16,1.190735973924988
27,0.3845403042832612 26,0.8237405906295725 38,1.0898078579265147 20,1.1715663102586862 47,1.2919533998415758 36,1.3683580106425113 41,1.3834908008184577 46,1.4370807510720136 45,1.5317199455470285 54,1.5907928593257776
32,0.5525145177587392 33,0.5764941447504027 28,0.7519591146968125 23,0.8275611245383842 13,0.8645563929761286 39,0.9148555759337758 40,1.1195729492531734 43,1.1254519270519805 37,1.13897332387892 15,1.1913901397807594
20,0.47132255744458607 36,0.7400163585525569 38,0.8020533831446426 24,0.8237405906295725 41,0.9433660323435984 31,0.9663037543520407 17,0.9747664726835168 45,1.0548581432578121 46,1.0648960769205715 27,1.072974884991792
24,0.3845403042832612 47,0.9443801907184983 38,1.0495028321486084 26,1.072974884991792 54,1.2575721468520105 42,1.3096633450632567 41,1.3646258936218048 46,1.379352182827246 36,1.4441253154105245 50,1.4640730156096071
37,0.512368346978331 39,0.6639259675854642 33,0.6906215347144272 34,0.7142847357906118 40,0.7277125873509488 25,0.7519591146968125 29,0.8002806981576802 32,0.8737360609923467 43,0.8884448430958677 49,0.9808469299281019
34,0.31020490536094786 31,0.3731091844451352 28,0.8002806981576802 37,0.8184671090902114 18,0.8482154152692175 44,0.8740831709080966 36,1.0240000536467024 17,1.0263034642808833 20,1.1139953270479943 49,1.1529020716561633
21,0.7148480115175224 19,0.9291130832248626 22,0.934805208534769 35,0.9977626964748451 16,1.0382264506319279 23,1.2547773582718535 14,1.3479078811497258 15,1.3772183652672925 32,1.7605953024765502 9,1.7722114619015672
29,0.3731091844451352 34,0.5690469843780889 44,0.6547081157735054 36,0.6586834510136291 20,0.8997973783650847 48,0.9122700969375445 45,0.956708942876039 26,0.9663037543520407 41,0.9847750745514108 18,0.9848325277480281
33,0.21303905177434518 25,0.5525145177587392 39,0.5779367973554017 43,0.7082084753859443 40,0.8045945635543927 35,0.8210285139037653 28,0.8737360609923467 23,0.8807384298467191 37,1.0026965239797585 52,1.024425104822953
32,0.21303905177434518 39,0.38972064813050933 43,0.5632954327176237 25,0.5764941447504027 40,0.6165654768590872 28,0.6906215347144272 37,0.7902419747289589 52,0.9140966605529661 35,1.0116341045098707 49,1.0340636758477242
29,0.31020490536094786 37,0.5564497556921456 31,0.5690469843780889 28,0.7142847357906118 44,0.816742137656403 49,0.8449853173061859 40,0.926455768761225 53,0.9945707398547765 39,1.0409314799011025 51,1.0858029780866782
32,0.8210285139037653 23,0.8287204961572575 22,0.872595046732405 30,0.9977626964748451 33,1.0116341045098707 21,1.0158541871072542 25,1.2200557135683412 43,1.2534065749271988 39,1.2610016716727186 15,1.2977952118077212
41,0.3445532883394428 45,0.37624492425920353 46,0.48866944452960737 38,0.5034041898659058 48,0.5066957127993411 44,0.5722373919032318 31,0.6586834510136291 26,0.7400163585525569 20,1.0073880327949287 56,1.0086755001903154
40,0.375646769027871 49,0.475294447505881 39,0.4916936450350699 28,0.512368346978331 34,0.5564497556921456 43,0.6065523595251959 53,0.6429274147420715 51,0.6615362987967567 33,0.7902419747289589 29,0.8184671090902114
41,0.3156460562186864 46,0.34727915239414375 45,0.46435325676303374 36,0.5034041898659058 48,0.7313722949081184 26,0.8020533831446426 56,0.9733923076062049 44,0.9800520709595547 58,0.9837358308614136 57,1.0127297363995247
40,0.22760558322853977 43,0.23838137033203222 33,0.38972064813050933 37,0.4916936450350699 32,0.5779367973554017 52,0.6076252344641947 49,0.6456428488688623 51,0.6566874018054182 28,0.6639259675854642 53,0.7504371552392308
39,0.22760558322853977 43,0.23364547305270333 37,0.375646769027871 49,0.4180373138008365 51,0.452793562668581 52,0.5094775173777135 53,0.5286791996594524 33,0.6165654768590872 28,0.7277125873509488 32,0.8045945635543927
46,0.1454238319382495 45,0.15009042897701744 38,0.3156460562186864 36,0.3445532883394428 48,0.4158680467188282 44,0.6831753126957033 56,0.74467800719229 58,0.8325854131761053 26,0.9433660323435984 31,0.9847750745514108
50,0.30070664290654464 55,0.6584395565251256 47,0.8566574400185136 54,0.9815860303001603 63,1.282127652378653 27,1.3096633450632567 57,1.6530380584755797 24,1.6888887461745412 60,1.8473572003275134 64,1.871000914363551
40,0.23364547305270333 39,0.23838137033203222 52,0.37127583857707924 51,0.4932503926852705 33,0.5632954327176237 49,0.5661509482687662 37,0.6065523595251959 53,0.6216211192414909 32,0.7082084753859443 28,0.8884448430958677
48,0.36051022325947724 45,0.5639670099082853 36,0.5722373919032318 31,0.6547081157735054 41,0.6831753126957033 46,0.7542526087467383 34,0.816742137656403 56,0.8740266483410346 29,0.8740831709080966 38,0.9800520709595547
41,0.15009042897701744 46,0.1912834940091376 48,0.2676101642444159 36,0.37624492425920353 38,0.46435325676303374 44,0.5639670099082853 56,0.6409405693693514 58,0.7713499725343326 31,0.956708942876039 62,1.0114633132485913
41,0.1454238319382495 45,0.1912834940091376 38,0.34727915239414375 48,0.43533993232589663 36,0.48866944452960737 56,0.6377272272918888 58,0.6972433948626829 44,0.7542526087467383 57,0.8649523710312785 60,0.8938589009515249
54,0.3228692376611618 50,0.8016116231652367 42,0.8566574400185136 57,0.8881021079519031 27,0.9443801907184983 38,1.0668919663202412 60,1.0904572262022092 55,1.1607244677493527 46,1.2096489626373625 63,1.2768052344981782
45,0.2676101642444159 44,0.36051022325947724 41,0.4158680467188282 46,0.43533993232589663 36,0.5066957127993411 56,0.5675494650187314 38,0.7313722949081184 58,0.780981191227048 31,0.9122700969375445 62,1.023902003510129
53,0.16887880177643044 51,0.2441358635551689 40,0.4180373138008365 37,0.475294447505881 43,0.5661509482687662 52,0.5730870196392773 39,0.6456428488688623 59,0.8161026426109939 34,0.8449853173061859 28,0.9808469299281019
42,0.30070664290654464 55,0.4247684386393352 47,0.8016116231652367 54,0.8244606736520235 63,0.9814553789868908 27,1.4640730156096071 57,1.4793242921282612 67,1.5931201155002945 65,1.5976286383900908 64,1.6236121291014518
53,0.16072062872897686 49,0.2441358635551689 52,0.3593482473867293 40,0.452793562668581 43,0.4932503926852705 39,0.6566874018054182 37,0.6615362987967567 61,0.7696492587141595 59,0.8677951261102753 33,1.0372886568305115
51,0.3593482473867293 43,0.37127583857707924 40,0.5094775173777135 53,0.5194026985293477 61,0.5371402869392687 49,0.5730870196392773 39,0.6076252344641947 37,0.8536027310769064 33,0.9140966605529661 32,1.024425104822953
51,0.16072062872897686 49,0.16887880177643044 52,0.5194026985293477 40,0.5286791996594524 43,0.6216211192414909 37,0.6429274147420715 59,0.7271175372300864 39,0.7504371552392308 61,0.8909801095874064 34,0.9945707398547765
47,0.3228692376611618 57,0.6714915581238532 50,0.8244606736520235 60,0.8672894876453331 42,0.9815860303001603 64,0.9927621656449186 63,1.0187100086413023 62,1.0788364013629852 55,1.0878820307965822 58,1.12496011526916
50,0.4247684386393352 42,0.6584395565251256 63,0.7756684436064615 54,1.0878820307965822 47,1.1607244677493527 67,1.2329865058509877 65,1.4973026557427591 68,1.5758149599651636 66,1.580640494282539 71,1.6281172970207705
58,0.27652251577222325 62,0.48984633136007183 48,0.5675494650187314 60,0.6136128220180015 46,0.6377272272918888 45,0.6409405693693514 57,0.7380272209281769 41,0.74467800719229 44,0.8740266483410346 38,0.9733923076062049
60,0.20238713663561142 62,0.4110794592955041 58,0.4726249435047111 64,0.6031748802872056 54,0.6714915581238532 56,0.7380272209281769 46,0.8649523710312785 47,0.8881021079519031 41,1.0086646213969281 38,1.0127297363995247
62,0.24447622518558051 56,0.27652251577222325 60,0.3371246176504487 57,0.4726249435047111 46,0.6972433948626829 45,0.7713499725343326 48,0.780981191227048 64,0.8233285610798033 41,0.8325854131761053 38,0.9837358308614136
53,0.7271175372300864 49,0.8161026426109939 51,0.8677951261102753 44,1.0558605957445377 52,1.1866369667015213 37,1.20057576542878 48,1.220404840449828 40,1.2333564363523888 34,1.2421455201923934 56,1.2968611015651912
57,0.20238713663561142 62,0.21155729532163722 58,0.3371246176504487 64,0.5355851200772306 56,0.6136128220180015 54,0.8672894876453331 46,0.8938589009515249 45,1.0173858992463733 41,1.0390395440552183 65,1.0610226655471002
52,0.5371402869392687 51,0.7696492587141595 53,0.8909801095874064 43,0.8925538727482014 49,1.0137408032305661 40,1.0462101821557588 39,1.1306167418776243 59,1.334250686342581 37,1.3774035930598503 33,1.3826969140862218
60,0.21155729532163722 58,0.24447622518558051 57,0.4110794592955041 56,0.48984633136007183 64,0.5891932508643014 46,0.9228727155741835 45,1.0114633132485913 48,1.023902003510129 41,1.062906819745804 54,1.0788364013629852
65,0.7461030116017738 67,0.7724168818390714 55,0.7756684436064615 68,0.802137883319847 66,0.8123285980762359 69,0.943324479377324 50,0.9814553789868908 54,1.0187100086413023 64,1.0520330843667987 72,1.065148129742313
60,0.5355851200772306 65,0.5379132176393755 62,0.5891932508643014 57,0.6031748802872056 66,0.6544728277929794 58,0.8233285610798033 68,0.8879202029806135 54,0.9927621656449186 63,1.0520330843667987 56,1.0789629225120911
66,0.14547383947947345 68,0.35694293443133424 64,0.5379132176393755 63,0.7461030116017738 72,0.7563194594754991 69,0.8198844246502813 76,1.0065437926181129 73,1.0372364159905498 60,1.0610226655471002 57,1.0829182958087575
65,0.14547383947947345 68,0.23600591879075047 72,0.6237197364132241 64,0.6544728277929794 69,0.7114462159372663 63,0.8123285980762359 76,0.8626107204044811 73,0.9479264529031656 74,1.0179593672167568 67,1.075627896107481
71,0.4468284326873448 69,0.5864431843804867 63,0.7724168818390714 74,0.7886143260120057 72,0.8173787079268314 68,0.8882653855011593 70,0.8923529078689073 66,1.075627896107481 65,1.1196630791058904 55,1.2329865058509877
66,0.23600591879075047 65,0.35694293443133424 72,0.4016185422880015 69,0.475916765889396 76,0.739585128401232 74,0.7872854019217042 63,0.802137883319847 64,0.8879202029806135 67,0.8882653855011593 73,1.0086831015734197
72,0.233247260852862 74,0.367523144902972 68,0.475916765889396 67,0.5864431843804867 66,0.7114462159372663 71,0.7263916534787108 76,0.7342710744642965 65,0.8198844246502813 63,0.943324479377324 81,1.064607636546774
75,0.5587830239275301 71,0.5831410775601842 67,0.8923529078689073 78,0.9252732234231621 80,0.9342891453704896 83,1.0449113893616182 84,1.1082817277338783 82,1.2186220714783977 74,1.2593085955861705 69,1.3073194785702515
67,0.4468284326873448 70,0.5831410775601842 74,0.7018650689880361 69,0.7263916534787108 80,0.8125690723195896 72,0.9381500322428262 82,0.9816584716132823 75,1.0488246348297339 83,1.0603416794337257 68,1.1656917808354366
69,0.233247260852862 74,0.40028718510596706 68,0.4016185422880015 76,0.5115992141581494 66,0.6237197364132241 65,0.7563194594754991 67,0.8173787079268314 81,0.891780604706779 71,0.9381500322428262 73,1.0638030408434092
76,0.7189809046395709 66,0.9479264529031656 68,1.0086831015734197 81,1.0252436884553167 79,1.026146217512087 65,1.0372364159905498 72,1.0638030408434092 64,1.1680447064108592 69,1.2900665184547042 74,1.359253283684717
69,0.367523144902972 72,0.40028718510596706 76,0.6731226639293837 71,0.7018650689880361 68,0.7872854019217042 67,0.7886143260120057 81,0.8310048613641356 82,0.8500657835126643 80,0.9226932854246472 66,1.0179593672167568
78,0.38510822978236536 70,0.5587830239275301 84,0.7367348638292432 83,0.8862916069406518 80,0.9461146591902 71,1.0488246348297339 85,1.0585940422136357 88,1.1725623669958094 82,1.2559083020264903 92,1.3283471177318147
81,0.4877272312348137 72,0.5115992141581494 74,0.6731226639293837 73,0.7189809046395709 69,0.7342710744642965 68,0.739585128401232 66,0.8626107204044811 65,1.0065437926181129 86,1.2754235730876238 82,1.3157417557092126
93,1.6303041017980748 61,2.5981667119156615 52,3.115777069810058 35,3.2381355847721656 51,3.3626020834575483 30,3.379892331190244 43,3.423334145896592 53,3.4667866243747185 49,3.6049848647789133 40,3.617318985438283
75,0.38510822978236536 84,0.5053629174621953 88,0.7892491035361421 83,0.8177172571421802 85,0.8527403523167498 70,0.9252732234231621 92,0.9853159312758749 80,0.991463835983332 94,1.075969924406396 82,1.2716000236465934
73,1.026146217512087 76,1.6068404348918124 81,1.6570930809500684 97,1.813911915386329 66,1.9598096045016842 64,2.0064528651940687 65,2.030667092954512 68,2.034816851031592 72,2.052462026392713 62,2.106787462864528
83,0.2942146949717577 82,0.3114600414057478 87,0.6067625631018699 85,0.6430775760795472 84,0.6775484755953899 86,0.7833836624913205 71,0.8125690723195896 90,0.8259409344539445 91,0.840046072194201 74,0.9226932854246472
76,0.4877272312348137 74,0.8310048613641356 72,0.891780604706779 89,0.8976544896725819 86,0.9153238381506487 73,1.0252436884553167 69,1.064607636546774 82,1.1150932647602008 68,1.2047568572785807 97,1.2729035505981574
80,0.3114600414057478 87,0.4289735631194523 83,0.47674070904384164 86,0.47808426836258283 90,0.6392113573133285 91,0.7213498678642988 85,0.7245168807990325 89,0.7908818464450349 74,0.8500657835126643 84,0.8845410300050954
80,0.2942146949717577 85,0.360034962411388 84,0.40967993433827565 82,0.47674070904384164 87,0.5350981817381179 91,0.6720712222543985 90,0.7244612235875574 78,0.8177172571421802 86,0.8600892023272027 94,0.8819873962042056
85,0.34755924029941665 83,0.40967993433827565 78,0.5053629174621953 92,0.6589511370592013 80,0.6775484755953899 94,0.6839601975923015 75,0.7367348638292432 88,0.8263247725690301 91,0.8277415626888875 87,0.8314966503888527
84,0.34755924029941665 83,0.360034962411388 91,0.4806799512394285 94,0.5239205869471422 87,0.5303748317263758 92,0.5867899875835687 90,0.6219209481437117 80,0.6430775760795472 95,0.6920864494858683 82,0.7245168807990325
89,0.3128572477687664 87,0.43020480502473807 82,0.47808426836258283 90,0.4861314459020282 91,0.6683077404132997 80,0.7833836624913205 95,0.8419857845268629 99,0.8555688454247901 83,0.8600892023272027 81,0.9153238381506487
90,0.22054034976102804 91,0.301757083488622 82,0.4289735631194523 86,0.43020480502473807 85,0.5303748317263758 83,0.5350981817381179 95,0.5591956524037052 80,0.6067625631018699 89,0.662406854915203 84,0.8314966503888527
96,0.612101256709441 92,0.6136061808801594 94,0.7776475187205361 78,0.7892491035361421 84,0.8263247725690301 100,0.9355683554607508 85,0.998955882129727 102,1.0142212778937807 106,1.0759877395421744 105,1.0877088174777654
86,0.3128572477687664 99,0.5991246835224429 90,0.6153185354509908 87,0.662406854915203 82,0.7908818464450349 91,0.809944386345085 95,0.8917286228803643 81,0.8976544896725819 108,0.9881858761887964 80,1.095601374284822
91,0.19525787723401658 87,0.22054034976102804 95,0.37181186522648296 86,0.4861314459020282 89,0.6153185354509908 85,0.6219209481437117 82,0.6392113573133285 83,0.7244612235875574 98,0.7602289862040104 80,0.8259409344539445
90,0.19525787723401658 95,0.278923163309847 87,0.301757083488622 85,0.4806799512394285 98,0.6067395164033914 94,0.6634408615463575 86,0.6683077404132997 83,0.6720712222543985 82,0.7213498678642988 103,0.7587504838963827
94,0.16513718173561032 100,0.4997091990804145 85,0.5867899875835687 88,0.6136061808801594 98,0.6170163117053354 102,0.6542240596333432 84,0.6589511370592013 101,0.6647777782049066 104,0.7414038268569042 106,0.7582896128357034
77,1.6303041017980748 61,3.131767247086925 79,3.1917157110880896 52,3.654627930640766 59,3.6722622424027827 51,3.7617260757127067 53,3.8029836835455217 49,3.969155518916366 43,4.021203103821473 40,4.147939346928169
92,0.16513718173561032 98,0.4708725195824712 100,0.4796237072748864 85,0.5239205869471422 101,0.5671947395156917 104,0.6404491080665025 102,0.6498704022747245 95,0.6633366972305628 91,0.6634408615463575 84,0.6839601975923015
91,0.278923163309847 90,0.37181186522648296 98,0.4091029725669795 103,0.49200108389753844 107,0.5301379249645913 87,0.5591956524037052 94,0.6633366972305628 101,0.6734364006465663 104,0.6865649966069419 85,0.6920864494858683
105,0.4942180684799122 88,0.612101256709441 102,0.6536241743918478 106,0.6543327569142078 100,0.687191634087902 92,0.7583764601957189 94,0.8842070543931472 101,0.9904851855208204 112,0.993071843263837 104,1.0482839757471534
108,0.6417143485084984 99,1.0375067524061874 89,1.151502314679661 81,1.2729035505981574 86,1.4478394984527134 90,1.7109820169399328 76,1.7153177530269368 87,1.8062781950592766 79,1.813911915386329 95,1.857437633012426
101,0.26906740356287323 103,0.29060662542891735 104,0.2984116360984335 107,0.37879390465118395 95,0.4091029725669795 94,0.4708725195824712 100,0.479849252939366 109,0.517259162083479 110,0.6010677531091133 91,0.6067395164033914
108,0.5568801674274101 89,0.5991246835224429 90,0.8269246303082549 95,0.8531821505471336 86,0.8555688454247901 91,0.9605664649197176 107,0.9873222842350049 87,1.0032311853474976 103,1.035520929347872 97,1.0375067524061874
102,0.17277709372527827 106,0.2849400367142896 101,0.3047353514076223 104,0.36839676115074527 94,0.4796237072748864 98,0.479849252939366 110,0.4973416444510326 92,0.4997091990804145 109,0.5070954492082965 103,0.6549008621375074
104,0.07714034852860853 98,0.26906740356287323 109,0.297269272609779 100,0.3047353514076223 110,0.35431549485919306 103,0.35451322051140166 102,0.37951345819645543 107,0.43168646959756807 106,0.45829823758752886 94,0.5671947395156917
106,0.11216818499586624 100,0.17277709372527827 101,0.37951345819645543 104,0.41826209200526443 110,0.4278068932691453 109,0.475062897495855 112,0.5896987296107475 113,0.5962424904943622 98,0.6103091313490295 94,0.6498704022747245
107,0.0900742072382716 98,0.29060662542891735 104,0.31237440379001696 101,0.35451322051140166 109,0.41447582187130455 95,0.49200108389753844 111,0.5140195952230979 110,0.5246979930553118 100,0.6549008621375074 102,0.7291152991789529
101,0.07714034852860853 109,0.23115731877582746 98,0.2984116360984335 110,0.3036009522774608 103,0.31237440379001696 100,0.36839676115074527 107,0.38072737987408284 102,0.41826209200526443 106,0.4831058397451876 111,0.5219056452752799
96,0.4942180684799122 114,0.6790574910731481 106,0.7839395161822011 102,0.8511786423099136 112,0.859011204357378 115,0.8979582966665819 100,0.9696766068213504 118,1.019812912397256 119,1.0375385499780174 88,1.0877088174777654
102,0.11216818499586624 100,0.2849400367142896 110,0.41758522913842117 101,0.45829823758752886 104,0.4831058397451876 112,0.48619124851725115 109,0.4884106573167518 113,0.5253769672250365 96,0.6543327569142078 115,0.6851979095047799
103,0.0900742072382716 98,0.37879390465118395 104,0.38072737987408284 101,0.43168646959756807 109,0.44025467940281326 111,0.47602776193265933 95,0.5301379249645913 110,0.5522019856116377 100,0.7353082588926617 102,0.7988312364938213
99,0.5568801674274101 97,0.6417143485084984 89,0.9881858761887964 86,1.2951563050826698 117,1.312581684341932 90,1.3729398622796936 95,1.4040179921430573 107,1.4439934395359515 103,1.5095671569881886 91,1.5158283194183022
110,0.11194814214501671 104,0.23115731877582746 101,0.297269272609779 111,0.33348246960578576 113,0.4138247359419454 103,0.41447582187130455 107,0.44025467940281326 102,0.475062897495855 106,0.4884106573167518 100,0.5070954492082965
109,0.11194814214501671 104,0.3036009522774608 113,0.31615964820535253 101,0.35431549485919306 111,0.3786491056201819 106,0.41758522913842117 102,0.4278068932691453 100,0.4973416444510326 112,0.504196456639318 103,0.5246979930553118
109,0.33348246960578576 116,0.3598405096646985 110,0.3786491056201819 107,0.47602776193265933 113,0.4844373364144184 103,0.5140195952230979 104,0.5219056452752799 101,0.5983178590103639 98,0.7433218580311606 112,0.7494606997853144
115,0.20934742566708034 113,0.2672897282555388 106,0.48619124851725115 110,0.504196456639318 118,0.5063831762602454 102,0.5896987296107475 109,0.6155797699518589 116,0.6699176374463469 111,0.7494606997853144 100,0.7545744496455765
112,0.2672897282555388 110,0.31615964820535253 115,0.41093650207571225 109,0.4138247359419454 116,0.43566578582012233 111,0.4844373364144184 106,0.5253769672250365 102,0.5962424904943622 104,0.6185555560150375 101,0.6628595076292102
119,0.4568736005133848 120,0.5447051826603644 118,0.6383545129262232 105,0.6790574910731481 115,0.7435134058457954 122,0.7854390189768028 112,0.8683357037539652 121,0.9238628889141702 124,0.9372336806378094 126,1.0494570595428376
112,0.20934742566708034 118,0.2970809165051481 113,0.41093650207571225 121,0.5787143089048362 119,0.5923564892435393 106,0.6851979095047799 110,0.6957031915702405 116,0.7222303949045361 120,0.741885710964007 114,0.7435134058457954
111,0.3598405096646985 113,0.43566578582012233 110,0.5687341167147768 109,0.5921793785594853 112,0.6699176374463469 115,0.7222303949045361 117,0.7908400596327873 104,0.819079791212135 107,0.8358653728285658 103,0.8711533013754388
111,0.7623734225961276 116,0.7908400596327873 107,0.9574985362407272 130,1.0311424661579085 103,1.0435552436656161 109,1.0840160596903265 133,1.1242405905744386 110,1.1409032010424682 113,1.1791292253929118 104,1.2209712655209666
115,0.2970809165051481 119,0.3298062920860323 121,0.3525834289528165 120,0.46150000394740354 112,0.5063831762602454 123,0.5369251202761121 114,0.6383545129262232 113,0.6791759006919689 128,0.8093033563854953 116,0.8866170606716844
120,0.1608054824717396 118,0.3298062920860323 114,0.4568736005133848 121,0.4933276348571913 115,0.5923564892435393 123,0.6078961772387287 124,0.6540638110326515 122,0.7025392833934009 126,0.7474193871534025 128,0.7739804483531505
119,0.1608054824717396 118,0.46150000394740354 124,0.4933000304230328 121,0.524335079661271 114,0.5447051826603644 122,0.5737397154200483 126,0.5871827089517806 123,0.5897380672674302 128,0.6906903502932581 115,0.741885710964007
123,0.19182648299748364 118,0.3525834289528165 119,0.4933276348571913 128,0.494723235947325 120,0.524335079661271 115,0.5787143089048362 131,0.746678006886968 112,0.769743177210834 124,0.8408879411101537 113,0.848762515443672
124,0.37136222186547563 126,0.4610958410954299 125,0.4866155613740517 120,0.5737397154200483 129,0.5834757001433004 132,0.6597710642583892 119,0.7025392833934009 134,0.7579143954523277 114,0.7854390189768028 128,1.0103099762159935
121,0.19182648299748364 128,0.31344715353224045 118,0.5369251202761121 131,0.5819621120252034 120,0.5897380672674302 119,0.6078961772387287 137,0.7647199240920621 115,0.7700546762128738 124,0.786764302094647 126,0.8011719957319297
126,0.11428818280530573 132,0.36113598834314076 122,0.37136222186547563 134,0.48007528357478346 120,0.4933000304230328 119,0.6540638110326515 129,0.6602610884650854 128,0.6646044174781405 125,0.6864930471614684 123,0.786764302094647
129,0.21794830094488335 122,0.4866155613740517 124,0.6864930471614684 126,0.7027496424555221 132,0.7497009335663584 134,0.7826178199814233 138,0.8315392571876842 140,0.8420805779121807 141,0.9813160630270059 120,1.0498810921942465
124,0.11428818280530573 132,0.2484958835804026 134,0.368663843231518 122,0.4610958410954299 120,0.5871827089517806 128,0.6348687884299503 129,0.6402414614417636 125,0.7027496424555221 139,0.7435736285111907 119,0.7474193871534025
136,1.3894141480677402 133,1.6009681801927649 144,1.6028024047974845 117,1.7193648276683442 130,1.7257859934481181 108,1.7587939105365633 145,1.7702750996305394 135,1.8107783324082558 151,1.821410891553369 142,1.8397079968589296
123,0.31344715353224045 137,0.4711950711312755 121,0.494723235947325 131,0.5020604796846269 126,0.6348687884299503 124,0.6646044174781405 132,0.6882468783966721 120,0.6906903502932581 139,0.74337173742414 134,0.7591779473010901
125,0.21794830094488335 122,0.5834757001433004 132,0.6159739822431112 134,0.6211050641501087 126,0.6402414614417636 124,0.6602610884650854 140,0.6886743907332517 138,0.7077024744497319 141,0.772558151239542 143,1.024998849214879
133,0.18160902189948966 135,0.24818878232795702 136,0.47371720434445724 142,0.5673761033653972 144,0.7837332142548583 145,0.7871727687831388 131,0.9765544057851135 117,1.0311424661579085 146,1.0893187024965496 149,1.2017711993099398
128,0.5020604796846269 137,0.5285112849886208 123,0.5819621120252034 121,0.746678006886968 146,0.7893685563258286 139,0.9442863075880277 135,0.9558498648629754 130,0.9765544057851135 148,1.0450179346876236 118,1.09752474287142
134,0.1211864579249276 126,0.2484958835804026 124,0.36113598834314076 141,0.5068601536539528 139,0.5339453110731865 143,0.5830625545894851 129,0.6159739822431112 122,0.6597710642583892 128,0.6882468783966721 137,0.723419063602023
130,0.18160902189948966 135,0.22813407628174998 136,0.293432199862527 142,0.4661613861553246 144,0.6212824176209827 145,0.6486620955473441 146,1.1205789923714347 131,1.1213153838062984 117,1.1242405905744386 149,1.1612563091517154
132,0.1211864579249276 126,0.368663843231518 141,0.3856780497049491 139,0.4619483630073283 124,0.48007528357478346 143,0.4827915290511828 129,0.6211050641501087 147,0.6239730451960422 137,0.7186480874099023 122,0.7579143954523277
133,0.22813407628174998 130,0.24818878232795702 142,0.3315591620004602 136,0.44183214719730707 145,0.5745880316309643 144,0.60917820113201 146,0.8926026805766579 131,0.9558498648629754 149,0.9593147629728123 151,1.2367142823197723
133,0.293432199862527 144,0.4339296676578729 135,0.44183214719730707 130,0.47371720434445724 142,0.4764334613377348 145,0.5323137313969194 151,1.0499610991524164 149,1.1989910700714448 146,1.26578732313959 117,1.280720346282061
139,0.4173202265567371 128,0.4711950711312755 131,0.5285112849886208 143,0.5891463977667377 134,0.7186480874099023 132,0.723419063602023 148,0.7518546924826419 123,0.7647199240920621 146,0.8127724476491485 126,0.827624649930301
140,0.13480946706794786 129,0.7077024744497319 125,0.8315392571876842 141,0.964978687574374 134,1.0956138206237034 147,1.1359074095843853 132,1.1593654990298605 143,1.2640265514276472 126,1.2852060934790976 122,1.2873891453360473
143,0.17636113075086113 137,0.4173202265567371 147,0.4252267733178097 141,0.4285799233113688 134,0.4619483630073283 132,0.5339453110731865 128,0.74337173742414 126,0.7435736285111907 148,0.7834867581610112 124,0.8544169065814292
138,0.13480946706794786 129,0.6886743907332517 125,0.8420805779121807 141,0.8437557948458155 134,1.0038490160501266 147,1.0044634740771456 132,1.07709669628041 143,1.140442040479514 126,1.2229012616281092 139,1.2695344112085933
147,0.27890468142219516 143,0.3011437831900639 134,0.3856780497049491 139,0.4285799233113688 132,0.5068601536539528 126,0.7530718914514984 129,0.772558151239542 137,0.8339219679817702 140,0.8437557948458155 124,0.8624176575609903
145,0.262335481871186 135,0.3315591620004602 144,0.35802522860752944 133,0.4661613861553246 136,0.4764334613377348 130,0.5673761033653972 149,0.7263465071357796 146,0.8169597280437044 151,0.9301040186885561 131,1.143309731647619
139,0.17636113075086113 147,0.2493665225953889 141,0.3011437831900639 134,0.4827915290511828 132,0.5830625545894851 137,0.5891463977667377 148,0.8161766046083943 126,0.8192328490766563 152,0.8335370406379544 153,0.8672085300534432
145,0.1696777290203214 142,0.35802522860752944 136,0.4339296676578729 135,0.60917820113201 133,0.6212824176209827 151,0.6451594002290459 130,0.7837332142548583 149,0.9129663755037248 146,1.12613048481651 131,1.498973764078171
144,0.1696777290203214 142,0.262335481871186 136,0.5323137313969194 135,0.5745880316309643 133,0.6486620955473441 151,0.6684588005516545 149,0.7440514869531712 130,0.7871727687831388 146,0.9663632690549498 150,1.3824345765631807
149,0.4582057915255627 148,0.5354055852440436 150,0.5843338521036867 131,0.7893685563258286 137,0.8127724476491485 142,0.8169597280437044 135,0.8926026805766579 145,0.9663632690549498 139,1.075037492826594 130,1.0893187024965496
143,0.2493665225953889 141,0.27890468142219516 139,0.4252267733178097 134,0.6239730451960422 153,0.6686345042804173 152,0.7276751505587337 132,0.7410031503991468 154,0.7919885756264616 137,0.8312092105297957 148,0.8985356808639267
150,0.2806433930011825 146,0.5354055852440436 152,0.6231095069780848 137,0.7518546924826419 154,0.7655238769526185 139,0.7834867581610112 149,0.7879022884716116 143,0.8161766046083943 147,0.8985356808639267 153,0.9579158962248083
146,0.4582057915255627 150,0.6498965869475513 142,0.7263465071357796 145,0.7440514869531712 148,0.7879022884716116 144,0.9129663755037248 135,0.9593147629728123 151,1.0764535730368878 133,1.1612563091517154 136,1.1989910700714448
148,0.2806433930011825 146,0.5843338521036867 149,0.6498965869475513 152,0.6613170959652259 154,0.7800518912952271 137,1.0220824512749653 153,1.0284822113603524 139,1.0587119850114588 143,1.076164446922881 147,1.1245421297529212
144,0.6451594002290459 145,0.6684588005516545 142,0.9301040186885561 136,1.0499610991524164 149,1.0764535730368878 162,1.1550122433492345 135,1.2367142823197723 133,1.2662291163979351 130,1.4277673803536124 146,1.4659319553253434
154,0.1459808890602948 153,0.36845796390330254 148,0.6231095069780848 150,0.6613170959652259 147,0.7276751505587337 157,0.8285992512242443 143,0.8335370406379544 139,0.928318689973852 141,1.0060256430337802 156,1.132507435896061
154,0.28483209408957144 152,0.36845796390330254 157,0.596097388639951 147,0.6686345042804173 156,0.79618228495432 143,0.8672085300534432 141,0.9274452294337104 148,0.9579158962248083 139,1.012753631021568 150,1.0284822113603524
152,0.1459808890602948 153,0.28483209408957144 157,0.6832883559044965 148,0.7655238769526185 150,0.7800518912952271 147,0.7919885756264616 143,0.9301030728651664 156,1.002267509527168 139,1.040555866166054 141,1.069889059840212
159,0.5550573233991555 161,0.680995334660514 158,0.8062224016905655 165,1.076238622557457 156,1.4081518180550552 163,1.4377147675288644 138,1.4675775696096762 140,1.4965554335121833 157,1.863265221458024 168,1.882546675779555
157,0.45520435133423776 163,0.6546356271077081 158,0.7243721357597555 153,0.79618228495432 154,1.002267509527168 152,1.132507435896061 161,1.2850420158717064 147,1.3021787020522286 155,1.4081518180550552 140,1.4403052627772617
156,0.45520435133423776 153,0.596097388639951 154,0.6832883559044965 152,0.8285992512242443 163,0.8720829930622451 158,1.1569501082265103 147,1.245175042307253 164,1.2678865996213007 150,1.4252073725779244 148,1.447220846683571
161,0.5655758152859156 163,0.6378187456800508 156,0.7243721357597555 155,0.8062224016905655 159,0.9528825362144259 157,1.1569501082265103 165,1.2253130527643552 153,1.485105164821822 168,1.5067839738355158 140,1.5870850615170755
161,0.4688047236905865 165,0.5296013117492209 155,0.5550573233991555 158,0.9528825362144259 163,1.467502493440822 168,1.4709883441236338 156,1.670144911467478 169,1.7927063355871988 138,2.019667481076096 140,2.042673712349349
166,0.6239021213078749 151,2.396895776175402 127,2.5609060064207596 162,2.708091818016971 170,2.873624292212654 144,2.8801071450615177 145,2.9864839265341234 136,3.09330141264403 142,3.2342152511207276 133,3.3847342203522555
159,0.4688047236905865 158,0.5655758152859156 165,0.66173177574646 155,0.680995334660514 163,1.00373567181326 168,1.2094271253768287 156,1.2850420158717064 169,1.4492654213343086 157,1.7018057201903274 140,1.9668388337991187
151,1.1550122433492345 164,1.3316294804918167 149,1.3753357538405637 145,1.5907310318728063 150,1.642350603789553 144,1.667552989498924 142,1.7878629606398142 146,1.818725107429871 148,1.9137194520259568 136,2.1010702584753926
158,0.6378187456800508 156,0.6546356271077081 157,0.8720829930622451 161,1.00373567181326 169,1.2696183727099042 168,1.3580805163382295 153,1.4018705873751764 155,1.4377147675288644 159,1.467502493440822 154,1.5487100983884101
154,1.241269212179508 157,1.2678865996213007 152,1.2977574258266027 150,1.3136552131067467 162,1.3316294804918167 153,1.4616364082446907 148,1.5491568422033302 149,1.6269804868825595 156,1.7129014672048066 146,1.843628045643553
159,0.5296013117492209 161,0.66173177574646 155,1.076238622557457 168,1.0783797858267923 158,1.2253130527643552 169,1.4689693495163954 163,1.5577669284855535 156,1.936863287630242 157,2.3365776247854155 138,2.525478694836149
160,0.6239021213078749 170,2.2503858575244196 151,2.885120645781942 162,2.9967217457782174 167,3.11708326339757 127,3.184808118785265 144,3.4172227561476216 145,3.5094067618339913 136,3.6628769868818565 142,3.7644909400182183
170,2.5993971930622846 166,3.11708326339757 160,3.534567976351104 127,5.6608544007170085 93,5.86955219448595 151,5.931160415201699 162,6.108253773613161 144,6.387979262795688 145,6.505552450569949 136,6.548665472014053
169,0.43978302228619637 165,1.0783797858267923 161,1.2094271253768287 163,1.3580805163382295 159,1.4709883441236338 158,1.5067839738355158 155,1.882546675779555 156,1.9825867596922375 157,2.222887878581011 153,2.7576228665570977
168,0.43978302228619637 163,1.2696183727099042 161,1.4492654213343086 165,1.4689693495163954 158,1.59994924874937 159,1.7927063355871988 156,1.9238995780536985 157,2.0786847583382215 155,2.1284216821801367 164,2.6462171276130113
166,2.2503858575244196 167,2.5993971930622846 160,2.873624292212654 162,4.559412804549929 151,4.867890239166002 127,5.433412691926826 144,5.472976350910561 145,5.532121004299104 164,5.62160385358604 149,5.772078718858546
